{
  "navigation": [

    {
      "label": "Project Page",
      "url": "index"
    },

    {
      "label": "Slider",
      "url": "slider"
    },

    {
      "label": "Fixed Nav",
      "url": "fixed-nav"
    },

    {
      "label": "CSS Backgrounds",
      "url": "css-backgrounds"
    },

    {
      "label": "CSS Backgrounds — Fullscreen",
      "url": "css-backgrounds-fullscreen",
      "blank": true
    },

    {
      "label": "Cross Origin",
      "url": "cross-origin"
    },

    {
      "label": "Cross Origin — CSS Backgrounds",
      "url": "cross-origin-css"
    },

    {
      "label": "FlexSlider — Slide",
      "url": "flexslider"
    },

    {
      "label": "FlexSlider — Fade",
      "url": "flexslider-fade"
    }

  ]
}